{"doc_id": "b542fdaa-928a-4485-b793-5cf2407ad553", "doc_name": "TRASH sCAN", "doc_version": "cfca26e8357112b6a6cbb59bac305609", "format": "tf_lite", "version": 19, "inputs": {"Image": {"dtype": "float32", "shape": [null, 224, 224, 3], "name": "Image"}}, "outputs": {"Confidences": {"dtype": "float32", "shape": [null, 4], "name": "b542fdaa-928a-4485-b793-5cf2407ad553.12635701-eafc-4c06-a3d7-48d3f7577f83/dense_2/Softmax"}}, "tags": [], "classes": {"Label": ["Aluminum Can - Recycle", "Mask - Trash/Reuse", "Paper - Recycle", "Plastic Utensil - Trash"]}, "filename": "saved_model.tflite", "export_model_version": 1}